{
  "cnf_results": {
    "raw": {
      "mean": [
        290.1360260854562,
        58.08320478740831,
        142.62583249431847,
        48.51627737605572,
        0.006776394675864045,
        -0.10720573915514009,
        14.40921744183513,
        -0.006614062924816684,
        -0.008632738995574528,
        0.15681439300160854
      ],
      "std": [
        75.88468566674285,
        36.38421792837564,
        35.17509980486012,
        10.978514725098469,
        0.014886078742626728,
        0.021233539964000354,
        9.25701391206419,
        0.010970836226013516,
        0.019548147514081873,
        0.051341938789237845
      ],
      "median": [
        288.9465637207031,
        56.626169204711914,
        142.10250091552734,
        48.149606704711914,
        0.0073852925561368465,
        -0.10849706083536148,
        13.908686637878418,
        -0.0056110762525349855,
        -0.009246325120329857,
        0.15547709167003632
      ],
      "q25": [
        245.39582443237305,
        36.399898529052734,
        120.97744178771973,
        41.83866214752197,
        -0.0022234388743527234,
        -0.12090419791638851,
        8.690576553344727,
        -0.012736351927742362,
        -0.020683497190475464,
        0.12496800906956196
      ],
      "q75": [
        335.12599182128906,
        79.81942749023438,
        163.23848724365234,
        55.0081729888916,
        0.01648383354768157,
        -0.09427506849169731,
        19.425053119659424,
        0.0003789645779761486,
        0.002969879482407123,
        0.1881844699382782
      ],
      "success": true,
      "elapsed_sec": 3.944686917006038
    },
    "data_score": {
      "mean": [
        411.9626642456055,
        95.55145149294535,
        204.97064929707844,
        31.855470647464195,
        0.04412655074746969,
        -0.14489764398833116,
        9.252544707963317,
        0.014556585465593647,
        -0.04060931575625242,
        0.2189694981450836
      ],
      "std": [
        60.616097656997916,
        24.11307455298541,
        32.78295911850295,
        10.944443691984869,
        0.01430189860725639,
        0.0203639612237055,
        7.5020881383251306,
        0.009854586256978284,
        0.01488972742353246,
        0.050617183899550576
      ],
      "median": [
        404.4693145751953,
        93.06290054321289,
        200.6980209350586,
        31.952430725097656,
        0.0440934170037508,
        -0.14509329199790955,
        9.133890628814697,
        0.01445299293845892,
        -0.040220944210886955,
        0.21363112330436707
      ],
      "q25": [
        371.00587463378906,
        79.01961135864258,
        183.01070404052734,
        24.51213502883911,
        0.03446141816675663,
        -0.15862349793314934,
        4.247655868530273,
        0.008173290407285094,
        -0.050256592221558094,
        0.18628135696053505
      ],
      "q75": [
        444.16817474365234,
        109.5596866607666,
        221.29671096801758,
        39.01488971710205,
        0.0534767908975482,
        -0.13069773465394974,
        13.97270679473877,
        0.020792591385543346,
        -0.030464088078588247,
        0.24380797520279884
      ],
      "success": true,
      "elapsed_sec": 6.482875290996162
    },
    "pairwise_grouped": {
      "mean": [
        378.34162700398764,
        81.06663926211993,
        207.9502052637736,
        34.81370310121775,
        0.035627864929830444,
        -0.13202429479857286,
        8.787334745726703,
        0.014077105539087066,
        -0.03622264557810558,
        0.26237664668013655
      ],
      "std": [
        58.15960159437743,
        21.88670926008538,
        35.60836581169631,
        10.85458095146691,
        0.013862437405103173,
        0.020279214829684065,
        7.813774281701442,
        0.00960686294241535,
        0.015768878649833694,
        0.06232887132433235
      ],
      "median": [
        370.6094207763672,
        79.06079483032227,
        203.5447540283203,
        34.87311363220215,
        0.035860830917954445,
        -0.1321258246898651,
        8.656550884246826,
        0.013686018995940685,
        -0.0357001181691885,
        0.25728094577789307
      ],
      "q25": [
        336.5801696777344,
        66.10851669311523,
        182.96825790405273,
        27.61212730407715,
        0.0262311901897192,
        -0.14543748646974564,
        3.599738895893097,
        0.0075960567919537425,
        -0.04684204049408436,
        0.2184906005859375
      ],
      "q75": [
        412.7657775878906,
        94.34420776367188,
        228.9907341003418,
        42.14428424835205,
        0.04479091800749302,
        -0.11913958005607128,
        13.949017524719238,
        0.020415278617292643,
        -0.02587192365899682,
        0.3022356629371643
      ],
      "success": true,
      "elapsed_sec": 4.236608167004306
    },
    "combined_grouped": {
      "mean": [
        328.0650907847087,
        68.57391845798493,
        185.31069560241698,
        26.759492820118865,
        0.04864927160541022,
        -0.13832569062213104,
        7.109710704928885,
        0.01754609128607505,
        -0.040516766728144527,
        0.20873066112895808
      ],
      "std": [
        51.08038701781443,
        18.884981803656828,
        31.719619304452618,
        11.380587916870407,
        0.01489613911842232,
        0.020173644510571825,
        8.584646597182571,
        0.010513690547869945,
        0.015490822057990702,
        0.061098247526612186
      ],
      "median": [
        320.3367919921875,
        66.93288803100586,
        181.01979064941406,
        26.87743091583252,
        0.04841282404959202,
        -0.13857381790876389,
        7.116395950317383,
        0.017658931203186512,
        -0.04019494168460369,
        0.19833050668239594
      ],
      "q25": [
        292.80635833740234,
        55.48267841339111,
        163.40936279296875,
        19.27039670944214,
        0.03869372606277466,
        -0.15116236731410027,
        1.4349947273731232,
        0.010762205813080072,
        -0.0505768833681941,
        0.16726500168442726
      ],
      "q75": [
        354.2965393066406,
        79.4064884185791,
        201.51343154907227,
        34.436471939086914,
        0.05806009005755186,
        -0.12490563094615936,
        12.709078788757324,
        0.024205562192946672,
        -0.030084766913205385,
        0.2388482391834259
      ],
      "success": true,
      "elapsed_sec": 4.806531041976996
    }
  },
  "abc_results": {
    "abc": {
      "mean": [
        339.0728363136885,
        71.58297251080882,
        187.42441324722807,
        23.554895624174325,
        0.06951506202204416,
        -0.15469827668233033,
        6.517879099593618,
        0.021591494127220126,
        -0.050219846057282726,
        0.1957823946698809
      ],
      "std": [
        83.0712655561651,
        16.512467036088292,
        44.94711560731159,
        10.451725876913663,
        0.015352684391243777,
        0.03114879216493723,
        4.482768939361381,
        0.012882752328842147,
        0.02682052610280308,
        0.05740358043881409
      ],
      "success": true,
      "elapsed_sec": 13345.654277124995
    },
    "abc_adj": {
      "mean": [
        344.8934571956341,
        73.43073426418675,
        191.23925343451512,
        24.675353227988527,
        0.06806628839519759,
        -0.15440319493051743,
        7.853054869381139,
        0.018553327158159636,
        -0.05007165270863345,
        0.20161050739328235
      ],
      "std": [
        88.39872707585799,
        17.75921413787446,
        47.85533733162183,
        11.82059296519434,
        0.01836317512209392,
        0.034426352770477925,
        4.6557402836941595,
        0.011609729262801259,
        0.03054136815526382,
        0.05774071799312549
      ],
      "success": true,
      "elapsed_sec": 0.6799345420149621
    }
  },