{
  "raw": {
    "per_param_mse": {
      "cov11": 1450.457423354668,
      "cov12": 157.86763174720124,
      "cov22": 1765.299271118442,
      "loc0": 27.13654865276296,
      "loc1": 0.00010458040898101006,
      "loc2": 0.0005254675611994395,
      "scale0": 49.765503704404445,
      "scale1": 4.9923523294118056e-05,
      "scale2": 0.00019545431465066662,
      "shape": 0.0021134926092183197
    },
    "total_mse": 3450.5293674958957,
    "avg_posterior_sd": {
      "cov11": 63.43799482836503,
      "cov12": 31.11340617685779,
      "cov22": 29.995490305525333,
      "loc0": 9.876126454806494,
      "loc1": 0.01231695412880905,
      "loc2": 0.0181507259211451,
      "scale0": 7.700762710283472,
      "scale1": 0.008986600319505161,
      "scale2": 0.015996766443998372,
      "shape": 0.04388624357021568
    },
    "avg_posterior_sd_mean": 14.222311776622181,
    "repeats": 5,
    "posterior_n": 3000,
    "theta_mode": "prior"
  },
  "data_score": {
    "per_param_mse": {
      "cov11": 870.5633078561852,
      "cov12": 199.95545297421023,
      "cov22": 1333.4997831383755,
      "loc0": 24.331753343434066,
      "loc1": 6.535330369453607e-05,
      "loc2": 0.0002801839797200341,
      "scale0": 33.61082329383006,
      "scale1": 3.996686396000199e-05,
      "scale2": 0.00017698692636209046,
      "shape": 0.001221079888607302
    },
    "total_mse": 2461.962904176997,
    "avg_posterior_sd": {
      "cov11": 42.96520606070815,
      "cov12": 19.45217688011757,
      "cov22": 23.398370162853865,
      "loc0": 10.005866161792046,
      "loc1": 0.013122051932337179,
      "loc2": 0.017738400716861565,
      "scale0": 6.876528199988433,
      "scale1": 0.009020186389288675,
      "scale2": 0.013412617300861546,
      "shape": 0.03605792773123502
    },
    "avg_posterior_sd_mean": 10.278749864953063,
    "repeats": 5,
    "posterior_n": 3000,
    "theta_mode": "prior"
  },
  "pairwise_grouped": {
    "per_param_mse": {
      "cov11": 244.7300543061861,
      "cov12": 90.01287894730999,
      "cov22": 910.7889111707336,
      "loc0": 17.779551079897608,
      "loc1": 6.887708217749532e-05,
      "loc2": 0.00027451104416032277,
      "scale0": 40.086498358218805,
      "scale1": 3.8165277423085086e-05,
      "scale2": 0.00019530633158145713,
      "shape": 0.0007915054072247588
    },
    "total_mse": 1303.3992622274886,
    "avg_posterior_sd": {
      "cov11": 32.85941555507485,
      "cov12": 15.131453582678182,
      "cov22": 20.324133206574107,
      "loc0": 9.292846193805836,
      "loc1": 0.012311653876306844,
      "loc2": 0.01685493554764882,
      "scale0": 6.6750590298079775,
      "scale1": 0.008551497980613198,
      "scale2": 0.012907590294287064,
      "shape": 0.03510625621840878
    },
    "avg_posterior_sd_mean": 8.43686395018582,
    "repeats": 5,
    "posterior_n": 3000,
    "theta_mode": "prior"
  },
  "combined_grouped": {
    "per_param_mse": {
      "cov11": 163.59302015810596,
      "cov12": 104.26148859189789,
      "cov22": 731.921969808215,
      "loc0": 27.01087958411022,
      "loc1": 7.094236045582667e-05,
      "loc2": 0.0002902241553449552,
      "scale0": 41.50618745931131,
      "scale1": 4.215631811846763e-05,
      "scale2": 0.00019246368944924314,
      "shape": 0.0006690823323782867
    },
    "total_mse": 1068.294810470496,
    "avg_posterior_sd": {
      "cov11": 33.11164299898876,
      "cov12": 15.242196750082764,
      "cov22": 20.52793258159043,
      "loc0": 9.790807695313557,
      "loc1": 0.012897283362540837,
      "loc2": 0.018246937838964233,
      "scale0": 7.030497540513538,
      "scale1": 0.008778342783999093,
      "scale2": 0.01402352000073676,
      "shape": 0.034316801350817924
    },
    "avg_posterior_sd_mean": 8.579134045182611,
    "repeats": 5,
    "posterior_n": 3000,
    "theta_mode": "prior"
  },
  "abc": {
    "per_param_mse": {
      "cov11": 2787.8785317739494,
      "cov12": 43.377899658673414,
      "cov22": 338.9428625171408,
      "loc0": 103.71014291226268,
      "loc1": 0.0013353220579078902,
      "loc2": 0.0003038442923892213,
      "scale0": 78.23108973481499,
      "scale1": 1.4670348543751317e-05,
      "scale2": 0.0003848027740225226,
      "shape": 0.0004668692391706591
    },
    "total_mse": 3352.143032105553,
    "avg_posterior_sd": {
      "cov11": 88.24363878878694,
      "cov12": 17.546189077723064,
      "cov22": 48.321556498537554,
      "loc0": 10.835174916925212,
      "loc1": 0.01877444511002746,
      "loc2": 0.03370575743715464,
      "scale0": 4.301121572625027,
      "scale1": 0.01170085331181061,
      "scale2": 0.023983714461216436,
      "shape": 0.05823045432525622
    },
    "avg_posterior_sd_mean": 16.939407607924327,
    "repeats": 5,
    "posterior_n": "N/A",
    "theta_mode": "prior"
  },
  "abc_adj": {
    "per_param_mse": {
      "cov11": 456.58907624146633,
      "cov12": 11.517162121602441,
      "cov22": 131.24373715660477,
      "loc0": 85.18157954298894,
      "loc1": 0.0017263529790079307,
      "loc2": 0.00029182104245433025,
      "scale0": 68.39706727998471,
      "scale1": 2.0550287764091847e-06,
      "scale2": 0.0002907532531620493,
      "shape": 0.00031587097895549826
    },
    "total_mse": 752.9312491959296,
    "avg_posterior_sd": {
      "cov11": 81.89599863450914,
      "cov12": 17.493897005423758,
      "cov22": 44.943336493287816,
      "loc0": 12.274328769751403,
      "loc1": 0.02514531808651261,
      "loc2": 0.039103355190820054,
      "scale0": 5.741373191777081,
      "scale1": 0.015042052429468294,
      "scale2": 0.030467002656054336,
      "shape": 0.05203834328476668
    },
    "avg_posterior_sd_mean": 16.251073016639683,
    "repeats": 5,
    "posterior_n": "N/A",
    "theta_mode": "prior"
  }
}