{
  "mean": [
    326.34625244140625,
    80.32440185546875,
    178.04734802246094,
    39.121368408203125,
    0.026431970298290253,
    -0.1252308338880539,
    7.361539363861084,
    0.01297958754003048,
    -0.03087916411459446,
    0.20119361579418182
  ],
  "std": [
    34.91276931762695,
    15.572392463684082,
    20.883474349975586,
    9.902326583862305,
    0.013073046691715717,
    0.01850016415119171,
    6.781475067138672,
    0.008450768887996674,
    0.013853763230144978,
    0.03589078411459923
  ]
}