{
  "mean": [
    338.67144775390625,
    89.28752136230469,
    177.6602783203125,
    38.966766357421875,
    0.027527695521712303,
    -0.12687227129936218,
    6.9308295249938965,
    0.013188391923904419,
    -0.02982170507311821,
    0.2028523087501526
  ],
  "std": [
    47.529720306396484,
    20.326276779174805,
    24.361162185668945,
    9.930254936218262,
    0.013285445049405098,
    0.017955128103494644,
    6.483080863952637,
    0.008570044301450253,
    0.013382861390709877,
    0.03855685889720917
  ]
}