{
  "mean": [
    318.9703674316406,
    76.27244567871094,
    171.59149169921875,
    39.762001037597656,
    0.025215286761522293,
    -0.12305096536874771,
    8.094606399536133,
    0.011465285904705524,
    -0.029627425596117973,
    0.1959804892539978
  ],
  "std": [
    34.206581115722656,
    15.210618019104004,
    20.141996383666992,
    9.34024715423584,
    0.01252652332186699,
    0.017224088311195374,
    6.409985542297363,
    0.00818423181772232,
    0.012723376043140888,
    0.035743143409490585
  ]
}