{
  "mean": [
    304.2151184082031,
    62.91612243652344,
    162.5137176513672,
    32.29253005981445,
    0.03366808220744133,
    -0.12141112983226776,
    7.063966274261475,
    0.008392141200602055,
    -0.0214847382158041,
    0.17796100676059723
  ],
  "std": [
    63.26530838012695,
    29.92249870300293,
    29.458789825439453,
    9.384892463684082,
    0.01187815424054861,
    0.01747889071702957,
    6.986950874328613,
    0.008174658752977848,
    0.014628293924033642,
    0.04442009702324867
  ]
}